url_path,views_total,views_unique
/quic/sample-apps-for-qualcomm-linux,94,62
/quic/sample-apps-for-qualcomm-linux/tree/main/Hello-QIM,48,22
/quic/sample-apps-for-qualcomm-linux/releases,18,15
/quic/sample-apps-for-qualcomm-linux/blob/main/Hello-QIM/Makefile,17,10
/quic/sample-apps-for-qualcomm-linux/blob/main/Hello-QIM/main.cc,16,10
/quic/sample-apps-for-qualcomm-linux/tree/main/Hello-QIM/include,14,13
/quic/sample-apps-for-qualcomm-linux/tree/main,12,7
/quic/sample-apps-for-qualcomm-linux/blob/main/README.md,6,4
/quic/sample-apps-for-qualcomm-linux/releases/tag/GA1.2-rel,5,4
/quic/sample-apps-for-qualcomm-linux/tree/main/.github/workflows,4,2
